"","mean","sd","lq","median","uq","rej_1","rej_5","rej_10"
"Intercept",0.665675244752953,0.803212137394206,0.0706295341294986,0.590238851786734,1.16483545704824,0.390625,0.484375,0.578125
"CPI",0.818308378310235,0.294826614891769,0.671852463935696,0.880415662972455,1.01085309871584,0.953125,0.96875,0.984375
"SD",0.122294385959664,0.706346802045031,-0.368499819985739,0.231946388965918,0.505124398193527,0.375,0.59375,0.65625
"Skew",0.0469344128955117,0.0882857774688442,-0.00484625824632094,0.0346217758513851,0.0745146363153763,0.046875,0.140625,0.171875
"Kurtosis",0.00452826779660886,0.0243450807707979,-0.00996910104755406,0.00200667116291948,0.0188111353602256,0.03125,0.046875,0.15625
"UNEMP",-0.0655151641452352,0.0686915730851581,-0.107619633734558,-0.0514150542034378,-0.0145228828909209,0.28125,0.421875,0.5
"F-test",NA,NA,NA,NA,NA,0.265625,0.453125,0.5625
"Adj_R2",0.470054224955285,0.248789055837141,0.278819153149496,0.470158508048367,0.646670196839257,NA,NA,NA
"No_Obs",243.46875,89.6355883032861,162.75,223,312.75,NA,NA,NA
