"","mean","sd","lq","median","uq","rej_1","rej_5","rej_10"
"Intercept",0.734708910440531,0.750016112802076,0.324995611349557,0.784620671187136,1.06604585913477,0.484375,0.609375,0.75
"CPI",0.825948602131102,0.297587393509394,0.675214737297222,0.866875569623314,1.0161655494853,0.953125,0.984375,0.984375
"Score_1",0.0867791496044137,0.462672236460563,-0.227620215218682,0.163883100808723,0.358119943046938,0.28125,0.390625,0.5
"Score_2",0.471572082862184,0.532109338624713,0.0826736471464021,0.348290337019664,0.678953988610066,0.171875,0.359375,0.390625
"Score_3",0.0777057833349071,0.487328249790796,-0.149074385892997,0.0121906036397171,0.380699217563269,0.015625,0.109375,0.140625
"UNEMP",-0.0656916828878231,0.0663983324301642,-0.0953507425929008,-0.051687611607388,-0.0171609610620944,0.3125,0.390625,0.4375
"F-test",NA,NA,NA,NA,NA,0.359375,0.46875,0.578125
"Adj_R2",0.47000476738417,0.247269060905321,0.289136677471208,0.465139109044546,0.636482226911808,NA,NA,NA
"No_Obs",243.46875,89.6355883032861,162.75,223,312.75,NA,NA,NA
