"","mean","sd","lq","median","uq","rej_1","rej_5","rej_10"
"Intercept",0.651588441757096,0.783124332297082,0.0585795440418244,0.634059502995518,1.06273249067612,0.453125,0.625,0.6875
"CPI",0.847837005082313,0.302471555684017,0.703543667001401,0.894765956507805,1.05615879353509,0.953125,0.96875,0.984375
"UNEMP",-0.0617431910219488,0.0618991228148472,-0.0960244300392322,-0.0569509046864609,-0.0105641454176513,0.28125,0.4375,0.5
"Adj_R2",0.453924905475918,0.255961026479399,0.266176173862826,0.444354290581448,0.638525739044503,NA,NA,NA
"No_Obs",243.46875,89.6355883032861,162.75,223,312.75,NA,NA,NA
