"","mean","sd","lq","median","uq","rej_1","rej_5","rej_10"
"Intercept",0.757948377335027,0.74893008971661,0.333242576087281,0.816419477533798,1.07321892974986,0.46875,0.609375,0.75
"CPI",0.82473935751339,0.299617340004476,0.679223089792866,0.874927133269583,1.02079712540165,0.953125,0.96875,0.96875
"Score_1",0.091733061193523,0.461641264786347,-0.219702678352033,0.16674767697277,0.356054994095811,0.28125,0.46875,0.5625
"Score_2",0.364070266877547,0.453596193632906,0.0334989736575791,0.280315429885183,0.576052031302968,0.0625,0.1875,0.28125
"Score_3",0.000128517277196662,0.474633971666944,-0.206028649189397,0.0115238362872163,0.250499064280931,0.046875,0.078125,0.109375
"UNEMP",-0.0680614775254016,0.0687871097852705,-0.097738688191338,-0.0565193132617174,-0.0159468843219426,0.328125,0.390625,0.453125
"F-test",NA,NA,NA,NA,NA,0.25,0.453125,0.53125
"Adj_R2",0.467796056422012,0.24986866670627,0.285095207134912,0.469224276445767,0.636924891212194,NA,NA,NA
"No_Obs",243.46875,89.6355883032861,162.75,223,312.75,NA,NA,NA
